study_id,title,authors,year,venue,publication_type,doi,official_url,source_file,selection_basis,reconstruction_status,metadata_status
M001,"VIRT-LAB: An AI-Powered System for Flexible, Customizable, and Large-scale Team Simulations","Almutairi, Mohammed; Chiang, Charles; Guo, Haoze; Belcher, Matthew; Banerjee, Nandini; Milkowski, Maria; Volkova, Svitlana; Nguyen, Daniel; Weninger, Tim; Yankoski, Michael G.; Ford, Trenton W.; Gomez-Zara, Diego",2025,"38th Annual ACM Symposium on User Interface Software and Technology, UIST 2025, September 28, 2025  -  October 1, 2025",conference,10.1145/3746058.3758994,https://doi.org/10.1145/3746058.3758994,501-2805.ris,Cited in submitted manuscript,Verified manuscript member,Matched to supplied candidate export (score=100.0)
M002,Aligning Generative AI with Hierarchical K-12 Curricula: A RAG and Multi-Agent Framework for EFL Content Generation,Ran Bao; Jianyong Chen; Yanfen Huang; Sile Liang; Lang Cheng,2026,Interactive Learning Environments,journal,,,manuscript reference list,Cited in submitted manuscript,Verified manuscript member,Transcribed from manuscript reference list
M003,Mind the (Belief) Gap: Group Identity in the World of LLMs,"Borah, Angana; Houalla, Marwa; Mihalcea, Rada",2025,"63rd Annual Meeting of the Association for Computational Linguistics, ACL 2025, July 27, 2025  -  August 1, 2025",conference,10.18653/v1/2025.findings-acl.948,https://doi.org/10.18653/v1/2025.findings-acl.948,501-2805.ris,Cited in submitted manuscript,Verified manuscript member,Matched to supplied candidate export (score=100.0)
M004,How Trust Networks Shape Students’ Opinions About the Proficiency of Artificially Intelligent Assistants,Yutong Bu; Andrew Melatos; Robin Evans,2025,"Physica A: Statistical Mechanics and its Applications, 675:130792",journal,,,manuscript reference list,Cited in submitted manuscript,Verified manuscript member,Transcribed from manuscript reference list
M005,FAIRGAME: A Framework for AI Agents Bias Recognition Using Game Theory,"Buscemi, Alessio; Proverbio, Daniele; Di Stefano, Alessandro; Han, The Anh; Castignani, German; Lio, Pietro",2025,"28th European Conference on Artificial Intelligence, ECAI 2025, including 14th Conference on Prestigious Applications of Intelligent Systems, PAIS 2025, October 25, 2025  -  October 30, 2025",conference,10.3233/FAIA251300,https://doi.org/10.3233/FAIA251300,1-500.ris,Cited in submitted manuscript,Verified manuscript member,Matched to supplied candidate export (score=100.0)
M006,KAQG: A Knowledge-Graph-Enhanced RAG for Difficulty-Controlled Question Generation,Ching Han Chen; Ming Fang Shiu,2025,"IEEE Access, 13:197234–197244",journal,,,manuscript reference list,Cited in submitted manuscript,Verified manuscript member,Transcribed from manuscript reference list
M007,MIND: Towards Immersive Psychological Healing with Multi-Agent Inner Dialogue,"Chen, Yujia; Li, Changsong; Wang, Yiming; Ju, Tianjie; Xiao, Qingqing; Zhang, Nan; Kong, Zifan; Wang, Peng; Yan, Binyu",2025,"30th Conference on Empirical Methods in Natural Language Processing, EMNLP 2025, November 4, 2025  -  November 9, 2025",conference,10.18653/v1/2025.findings-emnlp.499,https://doi.org/10.18653/v1/2025.findings-emnlp.499,1-500.ris,Cited in submitted manuscript,Verified manuscript member,Matched to supplied candidate export (score=100.0)
M008,An Empirical Study of Group Conformity in Multi-Agent Systems,"Choi, Min; Kim, Keonwoo; Chae, Sungwon; Baek, Sangyeob",2025,"63rd Annual Meeting of the Association for Computational Linguistics, ACL 2025, July 27, 2025  -  August 1, 2025",conference,10.18653/v1/2025.findings-acl.265,https://doi.org/10.18653/v1/2025.findings-acl.265,1-500.ris,Cited in submitted manuscript,Verified manuscript member,Matched to supplied candidate export (score=100.0)
M009,Simulating Opinion Dynamics with Networks of LLM-based Agents,"Chuang, Yun-Shiuan; Goyal, Agam; Harlalka, Nikunj; Suresh, Siddharth; Hawkins, Robert; Yang, Sijia; Shah, Dhavan; Hu, Junjie; Rogers, Timothy T.",2024,"2024 Findings of the Association for Computational Linguistics: NAACL 2024, June 16, 2024  -  June 21, 2024",conference,10.18653/v1/2024.findings-naacl.211,https://doi.org/10.18653/v1/2024.findings-naacl.211,501-2805.ris,Cited in submitted manuscript,Verified manuscript member,Matched to supplied candidate export (score=100.0)
M010,HYPOTHETICAL MINDS: SCAFFOLDING THEORY OF MIND FOR MULTI-AGENT TASKS WITH LARGE LANGUAGE MODELS,"Cross, Logan; Xiang, Violet; Bhatia, Agam; Yamins, Daniel L.K.; Haber, Nick",2025,"13th International Conference on Learning Representations, ICLR 2025, April 24, 2025  -  April 28, 2025",conference,,,1-500.ris,Cited in submitted manuscript,Verified manuscript member,Matched to supplied candidate export (score=100.0)
M011,The Coupling Effect Between the Environment and Strategies Drives the Emergence of Group Cooperation,Changyan Di; Qingguo Zhou; Jun Shen; Jinqiang Wang; Rui Zhou; Tianyi Wang,2023,"Chaos, Solitons & Fractals, 176:114138",journal,,,manuscript reference list,Cited in submitted manuscript,Verified manuscript member,Transcribed from manuscript reference list
M012,Enhancing Online Learning Through Multi-Agent Debates for CS University Students,Jing Du; Guangtao Xu; Wenhao Liu; Dibin Zhou; Fuchang Liu,2025,"Applied Sciences, 15(11):5877",journal,,,manuscript reference list,Cited in submitted manuscript,Verified manuscript member,Transcribed from manuscript reference list
M013,Computational Theory of Mind with Abstractions for Effective Human-Agent Collaboration,"Erdogan, Emre; Verbrugge, Rineke; Yolum, Pinar",2024,"23rd International Conference on Autonomous Agents and Multiagent Systems, AAMAS 2024, May 6, 2024  -  May 10, 2024",conference,,,501-2805.ris,Cited in submitted manuscript,Verified manuscript member,Matched to supplied candidate export (score=100.0)
M014,Agent4Edu: Generating Learner Response Data by Generative Agents for Intelligent Education Systems,"Gao, Weibo; Liu, Qi; Yue, Linan; Yao, Fangzhou; Lv, Rui; Zhang, Zheng; Wang, Hao; Huang, Zhenya",2025,"39th Annual AAAI Conference on Artificial Intelligence, AAAI 2025, February 25, 2025  -  March 4, 2025",conference,10.1609/aaai.v39i22.34565,https://doi.org/10.1609/aaai.v39i22.34565,501-2805.ris,Cited in submitted manuscript,Verified manuscript member,Matched to supplied candidate export (score=100.0)
M015,Mapping Student-AI Interaction Dynamics in Multi-Agent Learning Environments: Supporting Personalised Learning and Reducing Performance Gaps,Zhanxin Hao; Jie Cao; Ruimiao Li; Jifan Yu; Zhiyuan Liu; Yu Zhang,2025,"Computers & Education, article 105472",journal,,,manuscript reference list,Cited in submitted manuscript,Verified manuscript member,Transcribed from manuscript reference list
M016,Enhancing Student Experience and Learning with Iterative Design in an Intelligent Educational Game,Ryan Hare; Sarah Ferguson; Ying Tang,2025,"British Journal of Educational Technology, 56(2):551–568",journal,,,manuscript reference list,Cited in submitted manuscript,Verified manuscript member,Transcribed from manuscript reference list
M017,Enhancing Belief Consistency of Large Language Model Agents in Decision-Making Process Based on Attribution Theory,Guoxiu He; Meicong Zhang; Tiancheng Su; Li Ma; Xiaomin Zhu,2025,"Expert Systems with Applications, article 129273",journal,,,manuscript reference list,Cited in submitted manuscript,Verified manuscript member,Transcribed from manuscript reference list
M018,How Personality Traits Influence Negotiation Outcomes? A Simulation based on Large Language Models,"Huang, Yin Jou; R., Hadfi",2024,"2024 Findings of the Association for Computational Linguistics, EMNLP 2024, November 12, 2024  -  November 16, 2024",conference,10.18653/v1/2024.findings-emnlp.605,https://doi.org/10.18653/v1/2024.findings-emnlp.605,501-2805.ris,Cited in submitted manuscript,Verified manuscript member,Matched to supplied candidate export (score=100.0)
M019,LLM Agents at the Roundtable: A Multi-Perspective and Dialectical Reasoning Framework for Essay Scoring,"Jang, Jinhee; Moon, Ayoung; Jung, Minkyoung; Kim, YoungBin; Lee, Seung Jin",2025,"30th Conference on Empirical Methods in Natural Language Processing, EMNLP 2025, November 4, 2025  -  November 9, 2025",conference,10.18653/v1/2025.findings-emnlp.1072,https://doi.org/10.18653/v1/2025.findings-emnlp.1072,1-500.ris,Cited in submitted manuscript,Verified manuscript member,Matched to supplied candidate export (score=100.0)
M020,MAS-KCL: Knowledge Component Graph Structure Learning with Large Language Model-Based Agentic Workflow,Yuan-Hao Jiang; Kezong Tang; Zi-Wei Chen; Yuang Wei; Tian-Yi Liu; Jiayi Wu,2025,"The Visual Computer, 41(9):6453–6464",journal,,,manuscript reference list,Cited in submitted manuscript,Verified manuscript member,Transcribed from manuscript reference list
M021,KoACD: The First Korean Adolescent Dataset for Cognitive Distortion Analysis via Role-Switching Multi-LLM Negotiation,"Kim, Jun Seo; Kim, Hye Hyeon",2025,"30th Conference on Empirical Methods in Natural Language Processing, EMNLP 2025, November 4, 2025  -  November 9, 2025",conference,10.18653/v1/2025.findings-emnlp.1202,https://doi.org/10.18653/v1/2025.findings-emnlp.1202,501-2805.ris,Cited in submitted manuscript,Verified manuscript member,Matched to supplied candidate export (score=90.0)
M022,LLM-Based Agent Society Investigation: Collaboration and Confrontation in Avalon Gameplay,"Lan, Yihuai; Hu, Zhiqiang; Wang, Lei; Wang, Yang; Ye, Deheng; Zhao, Peilin; Lim, Ee-Peng; Xiong, Hui; Wang, Hao",2024,"2024 Conference on Empirical Methods in Natural Language Processing, EMNLP 2024, November 12, 2024  -  November 16, 2024",conference,10.18653/v1/2024.emnlp-main.7,https://doi.org/10.18653/v1/2024.emnlp-main.7,1-500.ris,Cited in submitted manuscript,Verified manuscript member,Matched to supplied candidate export (score=100.0)
M023,AI-Powered Automatic Item Generation for Psychological Tests: A Conceptual Framework for an LLM-Based Multi-Agent AIG System,Philseok Lee; Mina Son; Zihao Jia,2026,"Journal of Business and Psychology, 41(1):71–99",journal,,,manuscript reference list,Cited in submitted manuscript,Verified manuscript member,Transcribed from manuscript reference list
M024,Too Costly or Worth the Effort? Exploring University Students’ Perceptions of a Multi-Agent Debate System in Argumentative Writing,Jing Leng; Yinuo Li; Jun Qian; Lin Dai; Ronnel B. King,2026,"The Asia-Pacific Education Researcher, pages 1–14",journal,,,manuscript reference list,Cited in submitted manuscript,Verified manuscript member,Transcribed from manuscript reference list
M025,Knowledge Tagging with Large Language Model Based Multi-Agent System,"Li, Hang; Xu, Tianlong; Chang, Ethan; Wen, Qingsong",2025,"39th Annual AAAI Conference on Artificial Intelligence, AAAI 2025, February 25, 2025  -  March 4, 2025",conference,10.1609/aaai.v39i28.35141,https://doi.org/10.1609/aaai.v39i28.35141,501-2805.ris,Cited in submitted manuscript,Verified manuscript member,Matched to supplied candidate export (score=100.0)
M026,ERD: A Framework for Improving LLM Reasoning for Cognitive Distortion Classification,"Lim, Sehee; Kim, Yejin; Choi, Chi-Hyun; Sohn, Jy-Yong; Kim, Byung-Hoon",2024,"6th Workshop on Clinical Natural Language Processing, ClinicalNLP 2024, held at NAACL 2024, June 21, 2024",conference,,,1-500.ris,Cited in submitted manuscript,Verified manuscript member,Matched to supplied candidate export (score=100.0)
M027,SocraticLM: Exploring Socratic Personalized Teaching with Large Language Models,"Liu, Jiayu; Huang, Zhenya; Xiao, Tong; Sha, Jing; Wu, Jinze; Liu, Qi; Wang, Shijin; Chen, Enhong",2024,"38th Conference on Neural Information Processing Systems, NeurIPS 2024, December 9, 2024  -  December 15, 2024",conference,,,501-2805.ris,Cited in submitted manuscript,Verified manuscript member,Matched to supplied candidate export (score=100.0)
M028,Judging with Many Minds: Do More Perspectives Mean Less Prejudice? On Bias Amplification and Resistance in Multi-Agent Based LLM-as-Judge,"Ma, Chiyu; Zhang, Enpei; Zhao, Yilun; Liu, Wenjun; Jia, Yaning; Qing, Peijun; Shi, Lin; Cohan, Arman; Yan, Yujun; Vosoughi, Soroush",2025,"30th Conference on Empirical Methods in Natural Language Processing, EMNLP 2025, November 4, 2025  -  November 9, 2025",conference,10.18653/v1/2025.findings-emnlp.941,https://doi.org/10.18653/v1/2025.findings-emnlp.941,1-500.ris,Cited in submitted manuscript,Verified manuscript member,Matched to supplied candidate export (score=99.6)
M029,ALYMPICS: LLM Agents Meet Game Theory,"Mao, Shaoguang; Cai, Yuzhe; Xia, Yan; Wu, Wenshan; Wang, Xun; Wang, Fengyi; Guan, Qiang; Ge, Tao; Wei, Furu",2025,"31st International Conference on Computational Linguistics, COLING 2025, January 19, 2025  -  January 24, 2025",conference,,,1-500.ris,Cited in submitted manuscript,Verified manuscript member,Matched to supplied candidate export (score=100.0)
M030,Simulating Social Behavior of LLM-Based Autonomous Negotiator Agents in a Game-Theoretical Framework Using Multi-Agent Systems,Ahmad Mouri Zadeh Khaki; Ahyoung Choi; Laleh Seyyed-Kalantari,2025,"International Journal of Human–Computer Interaction, 41(23):15169–15178",journal,,,manuscript reference list,Cited in submitted manuscript,Verified manuscript member,Transcribed from manuscript reference list
M031,Designing for Oversight: An Empirical Investigation of the Dual Impact of AI Dependency and Information Abstraction on Human Supervision in Decision-Making Teams,Ranjani Narayanan; Karen M. Feigh,2026,"International Journal of Human–Computer Interaction, pages 1–30",journal,,,manuscript reference list,Cited in submitted manuscript,Verified manuscript member,Transcribed from manuscript reference list
M032,Assessing Critical Thinking through a Multi-Agent LLM-Based Debate Chatbot,"Park, Bogyeom; Seo, Kyoungwon",2025,"2025 CHI Conference on Human Factors in Computing Systems, CHI EA 2025, April 26, 2025  -  May 1, 2025",conference,10.1145/3706599.3721207,https://doi.org/10.1145/3706599.3721207,1-500.ris,Cited in submitted manuscript,Verified manuscript member,Matched to supplied candidate export (score=100.0)
M033,Conversational Education at Scale: A Multi-LLM Agent Workflow for Procedural Learning and Pedagogic Quality Assessment,"Pei, Jiahuan; Ye, Fanghua; Sun, Xin; Deng, Wentao; Hindriks, Koen; Wang, Junxiao",2025,"30th Conference on Empirical Methods in Natural Language Processing, EMNLP 2025, November 4, 2025  -  November 9, 2025",conference,10.18653/v1/2025.findings-emnlp.161,https://doi.org/10.18653/v1/2025.findings-emnlp.161,1-500.ris,Cited in submitted manuscript,Verified manuscript member,Matched to supplied candidate export (score=100.0)
M034,PersonaGym: Evaluating Persona Agents and LLMs,"Samuel, Vinay; Zou, Henry Peng; Zhou, Yue; Chaudhari, Shreyas; Kalyan, Ashwin; Rajpurohit, Tanmay; Deshpande, Ameet; Narasimhan, Karthik; Murahari, Vishvak",2025,"30th Conference on Empirical Methods in Natural Language Processing, EMNLP 2025, November 4, 2025  -  November 9, 2025",conference,10.18653/v1/2025.findings-emnlp.368,https://doi.org/10.18653/v1/2025.findings-emnlp.368,501-2805.ris,Cited in submitted manuscript,Verified manuscript member,Matched to supplied candidate export (score=100.0)
M035,Training Language Models for Social Deduction with Multi-Agent Reinforcement Learning,"Sarkar, Bidipta; Xia, Warren; Liu, C. Karen; Sadigh, Dorsa",2025,"24th International Conference on Autonomous Agents and Multiagent Systems, AAMAS 2025, May 19, 2025  -  May 23, 2025",conference,,,1-500.ris,Cited in submitted manuscript,Verified manuscript member,Matched to supplied candidate export (score=100.0)
M036,AI-LIEDAR: Examine the Trade-off Between Utility and Truthfulness in LLM Agents,"Su, Zhe; Zhou, Xuhui; Rangreji, Sanketh; Kabra, Anubha; Mendelsohn, Julia; Brahman, Faeze; Sap, Maarten",2025,"2025 Annual Conference of the Nations of the Americas Chapter of the Association for Computational Linguistics: Human Language Technologies, NAACL-HLT 2025, April 29, 2025  -  May 4, 2025",conference,10.18653/v1/2025.naacl-long.595,https://doi.org/10.18653/v1/2025.naacl-long.595,501-2805.ris,Cited in submitted manuscript,Verified manuscript member,Matched to supplied candidate export (score=100.0)
M037,Cognitively Diverse Multiple-Choice Question Generation: A Hybrid Multi-Agent Framework with Large Language Models,Yu Tian; Linh Huynh; Katerina Christliff; Shubham Chakraborty; Micah Watanabe; Tracy Arner; Danielle McNamara,2026,"Electronics, 15(6):1209",journal,,,manuscript reference list,Cited in submitted manuscript,Verified manuscript member,Transcribed from manuscript reference list
M038,Exploring System-Wide Trust Prevalence and Mitigation Strategies with Multiple Autonomous Agents,James C. Walliser; Ewart J. de Visser; Tyler H. Shaw,2023,"Computers in Human Behavior, 143:107671",journal,,,manuscript reference list,Cited in submitted manuscript,Verified manuscript member,Transcribed from manuscript reference list
M039,"Exploring Personalized Health Support through Data-Driven, Theory-Guided LLMs: A Case Study in Sleep Health","Wang, Xingbo; Griffith, Janessa; Adler, Daniel A.; Castillo, Joey; Choudhury, Tanzeem; Wang, Fei",2025,"2025 CHI Conference on Human Factors in Computing Systems, CHI 2025, April 26, 2025  -  May 1, 2025",conference,10.1145/3706598.3713852,https://doi.org/10.1145/3706598.3713852,501-2805.ris,Cited in submitted manuscript,Verified manuscript member,Matched to supplied candidate export (score=100.0)
M040,Multi-Examiner: A Knowledge Graph-Driven System for Generating Comprehensive Questions with Higher-Order Thinking,Yonggu Wang; Zeyu Yu; Zihan Wang; Zengyi Yu; Jue Wang,2025,"Applied Sciences, 15(10):5719",journal,,,manuscript reference list,Cited in submitted manuscript,Verified manuscript member,Transcribed from manuscript reference list
M041,"DO AS WE DO, NOT AS YOU THINK: THE CONFORMITY OF LARGE LANGUAGE MODELS","Weng, Zhiyuan; Chen, Guikun; Wang, Wenguan",2025,"13th International Conference on Learning Representations, ICLR 2025, April 24, 2025  -  April 28, 2025",conference,,,501-2805.ris,Cited in submitted manuscript,Verified manuscript member,Matched to supplied candidate export (score=100.0)
M042,Shall We Team Up: Exploring Spontaneous Cooperation of Competing LLM Agents,"Wu, Zengqing; Peng, Run; Zheng, Shuyuan; Liu, Qianying; Han, Xu; Kwon, Brian Inhyuk; Onizuka, Makoto; Tang, Shaojie; Xiao, Chuan",2024,"2024 Findings of the Association for Computational Linguistics, EMNLP 2024, November 12, 2024  -  November 16, 2024",conference,10.18653/v1/2024.findings-emnlp.297,https://doi.org/10.18653/v1/2024.findings-emnlp.297,501-2805.ris,Cited in submitted manuscript,Verified manuscript member,Matched to supplied candidate export (score=100.0)
M043,HUMAN SIMULACRA: BENCHMARKING THE PERSONIFICATION OF LARGE LANGUAGE MODELS,"Xie, Qiujie; Feng, Qiming; Zhang, Tianqi; Li, Qingqiu; Yang, Linyi; Zhang, Yuejie; Feng, Rui; He, Liang; Gao, Shang; Zhang, Yue",2025,"13th International Conference on Learning Representations, ICLR 2025, April 24, 2025  -  April 28, 2025",conference,,,501-2805.ris,Cited in submitted manuscript,Verified manuscript member,Matched to supplied candidate export (score=100.0)
M044,Modeling Social Opinion Evolution with LLM Agents: Integrating Personality Traits with Embedded Opinion Dynamics,"Yang, Fan; Bai, Jie; Li, Linjing; Zeng, Daniel",2025,"2025 International Joint Conference on Neural Networks, IJCNN 2025, June 30, 2025  -  July 5, 2025",conference,10.1109/IJCNN64981.2025.11228193,https://doi.org/10.1109/IJCNN64981.2025.11228193,1-500.ris,Cited in submitted manuscript,Verified manuscript member,Matched to supplied candidate export (score=100.0)
M045,LLM-based Collaborative Agents with Pedagogy-guided Interaction Modeling for Timely Instructive Feedback Generation in Task-oriented Group Discussions,"Yang, Qihao; Yang, Yu; An, Sixu; Hao, Tianyong; Xu, Guandong",2025,"34th Internationa Joint Conference on Artificial Intelligence, IJCAI 2025, August 16, 2025  -  August 22, 2025",conference,10.24963/ijcai.2025/1108,https://doi.org/10.24963/ijcai.2025/1108,1-500.ris,Cited in submitted manuscript,Verified manuscript member,Matched to supplied candidate export (score=100.0)
M046,ToP-ToM: Trust-aware Robot Policy with Theory of Mind,"Yu, Chuang; Serhan, Baris; Cangelosi, Angelo",2024,"2024 IEEE International Conference on Robotics and Automation, ICRA 2024, May 13, 2024  -  May 17, 2024",conference,10.1109/ICRA57147.2024.10610127,https://doi.org/10.1109/ICRA57147.2024.10610127,501-2805.ris,Cited in submitted manuscript,Verified manuscript member,Matched to supplied candidate export (score=100.0)
M047,Dynamic Personality in LLM Agents: A Framework for Evolutionary Modeling and Behavioral Analysis in the Prisoner's Dilemma,"Zeng, Weiqi; Wang, Bo; Zhao, Dongming; Qu, Zongfeng; He, Ruifang; Hou, Yuexian; Hu, Qinghua",2025,"63rd Annual Meeting of the Association for Computational Linguistics, ACL 2025, July 27, 2025  -  August 1, 2025",conference,10.18653/v1/2025.findings-acl.1185,https://doi.org/10.18653/v1/2025.findings-acl.1185,501-2805.ris,Cited in submitted manuscript,Verified manuscript member,Matched to supplied candidate export (score=100.0)
M048,Exploring Collaboration Mechanisms for LLM Agents: A Social Psychology View,"Zhang, Jintian; Xu, Xin; Zhang, Ningyu; Liu, Ruibo; Hooi, Bryan; Deng, Shumin",2024,"62nd Annual Meeting of the Association for Computational Linguistics, ACL 2024, August 11, 2024  -  August 16, 2024",conference,10.18653/v1/2024.acl-long.782,https://doi.org/10.18653/v1/2024.acl-long.782,1-500.ris,Cited in submitted manuscript,Verified manuscript member,Matched to supplied candidate export (score=100.0)
M049,EduPlanner: LLM-Based Multi-Agent Systems for Customized and Intelligent Instructional Design,Xueqiao Zhang; Chao Zhang; Jianwen Sun; Jun Xiao; Yi Yang; Yawei Luo,2025,IEEE Transactions on Learning Technologies,journal,,,manuscript reference list,Cited in submitted manuscript,Verified manuscript member,Transcribed from manuscript reference list
M050,K-Level Reasoning: Establishing Higher Order Beliefs in Large Language Models for Strategic Reasoning,"Zhang, Yadong; Mao, Shaoguang; Ge, Tao; Wang, Xun; Xia, Yan; Lan, Man; Wei, Furu",2025,"2025 Annual Conference of the Nations of the Americas Chapter of the Association for Computational Linguistics: Human Language Technologies, NAACL-HLT 2025, April 29, 2025  -  May 4, 2025",conference,10.18653/v1/2025.naacl-long.370,https://doi.org/10.18653/v1/2025.naacl-long.370,1-500.ris,Cited in submitted manuscript,Verified manuscript member,Matched to supplied candidate export (score=100.0)
M051,"PsySafe: A Comprehensive Framework for Psychological-based Attack, Defense, and Evaluation of Multi-agent System Safety","Zhang, Zaibin; Zhang, Yongting; Li, Lijun; Gao, Hongzhi; Wang, Lijun; Lu, Huchuan; Zhao, Feng; Qiao, Yu; Shao, Jing",2024,"62nd Annual Meeting of the Association for Computational Linguistics, ACL 2024, August 11, 2024  -  August 16, 2024",conference,10.18653/v1/2024.acl-long.812,https://doi.org/10.18653/v1/2024.acl-long.812,1-500.ris,Cited in submitted manuscript,Verified manuscript member,Matched to supplied candidate export (score=100.0)
M052,Spiral of Silence in Large Language Model Agents,"Zhong, Mingze; Fang, Meng; Shi, Zijing; Huang, Yuxuan; Zheng, Shunfeng; Du, Yali; Chen, Ling; Wang, Jun",2025,"30th Conference on Empirical Methods in Natural Language Processing, EMNLP 2025, November 4, 2025  -  November 9, 2025",conference,10.18653/v1/2025.findings-emnlp.1262,https://doi.org/10.18653/v1/2025.findings-emnlp.1262,501-2805.ris,Cited in submitted manuscript,Verified manuscript member,Matched to supplied candidate export (score=100.0)
M053,"SOTOPIA-S<sup>4</sup>: a user-friendly system for flexible, customizable, and large-scale social simulation","Zhou, Xuhui; Su, Zhe; Feng, Sophie; Zhou, Jiaxu; Huang, Jen-Tse; Kao, Hsien-Te; Lynch, Spencer; Volkova, Svitlana; Wu, Tongshuang Sherry; Woolley, Anita; Zhu, Hao; Sap, Maarten",2025,"2025 Annual Conference of the Nations of the Americas Chapter of the Association for Computational Linguistics: Human Language Technologies, NAACL-HLT 2025, April 29, 2025  -  May 4, 2025",conference,10.18653/v1/2025.naacl-demo.30,https://doi.org/10.18653/v1/2025.naacl-demo.30,501-2805.ris,Cited in submitted manuscript,Verified manuscript member,Matched to supplied candidate export (score=100.0)
C001,TACLA: An LLM-Based Multi-Agent Tool for Transactional Analysis Training in Education,"Zamojska, Monika; Chudziak, Jaroslaw A.",2025,"37th IEEE International Conference on Tools with Artificial Intelligence, ICTAI 2025, November 3, 2025  -  November 5, 2025",conference,10.1109/ICTAI66417.2025.00048,https://doi.org/10.1109/ICTAI66417.2025.00048,501-2805.ris,Selected from supplied candidate pool: explicit LLM/agent design and domain relevance,Rebuttal-stage reconstructed member,Exact/high-confidence match to supplied RIS export (score=100.0)
C002,SSRLBot: Designing and Developing a Large Language Model-Based Agent Using Socially Shared Regulated Learning,"Huang, Xiaoshan; Gao, Jie; Wu, Haolun",2025,"Poster papers and late breaking results, workshops and tutorials, practitioners, industry and policy track, doctoral consortium, blue sky and wideAIED papers presented at the 26th International Conference on Artificial Intelligence in Education, AIED 2025, July 22, 2025  -  July 26, 2025",conference,10.1007/978-3-031-99264-3_8,https://doi.org/10.1007/978-3-031-99264-3_8,501-2805.ris,Selected from supplied candidate pool: explicit LLM/agent design and domain relevance,Rebuttal-stage reconstructed member,Exact/high-confidence match to supplied RIS export (score=100.0)
C003,Designing an Educational Virtual Assistant Based on Agentic AI for Student Diagnosis and Individualized Remediation,"Fahmi, Youness; Bousmah, Mohammed",2025,"8th IEEE International Congress on Information Science and Technology, CiSt 2025, October 4, 2025  -  October 10, 2025",conference,10.1109/CiSt65886.2025.11224281,https://doi.org/10.1109/CiSt65886.2025.11224281,501-2805.ris,Selected from supplied candidate pool: explicit LLM/agent design and domain relevance,Rebuttal-stage reconstructed member,Exact/high-confidence match to supplied RIS export (score=100.0)
C004,Simulating Classroom Education with LLM-Empowered Agents,"Zhang, Zheyuan; Zhang-Li, Daniel; Yu, Jifan; Gong, Linlu; Zhou, Jinchang; Hao, Zhanxin; Jiang, Jianxiao; Cao, Jie; Liu, Huiqin; Liu, Zhiyuan; Hou, Lei; Li, Juanzi",2025,"2025 Annual Conference of the Nations of the Americas Chapter of the Association for Computational Linguistics: Human Language Technologies, NAACL-HLT 2025, April 29, 2025  -  May 4, 2025",conference,10.18653/v1/2025.naacl-long.520,https://doi.org/10.18653/v1/2025.naacl-long.520,501-2805.ris,Selected from supplied candidate pool: explicit LLM/agent design and domain relevance,Rebuttal-stage reconstructed member,Exact/high-confidence match to supplied RIS export (score=100.0)
C005,ENHANCING EDUCATIONAL FEEDBACK WITH LLM-POWERED MULTI-AGENT SYSTEMS,"Pozzi, Lorenzo",2025,"19th International Conference on e-Learning and Digital Learning, ELDL 2025 and 13th International Conference on Sustainability, Technology and Education, STE 2025, July 23, 2025  -  July 25, 2025",conference,,,501-2805.ris,Selected from supplied candidate pool: explicit LLM/agent design and domain relevance,Rebuttal-stage reconstructed member,Exact/high-confidence match to supplied RIS export (score=100.0)
C006,Simulating Collaborative Learning with Data-Driven LLM-Agents,"Yan, Yu; Liang, Changhao; Ogata, Hiroaki",2026,"31st International Conference on Collaboration Technologies and Social Computing, CollabTech 2025, November 4, 2025  -  November 7, 2025",conference,10.1007/978-3-032-10156-3_10,https://doi.org/10.1007/978-3-032-10156-3_10,1-500.ris,Selected from supplied candidate pool: explicit LLM/agent design and domain relevance,Rebuttal-stage reconstructed member,Exact/high-confidence match to supplied RIS export (score=100.0)
C007,PsychoGAT: A Novel Psychological Measurement Paradigm through Interactive Fiction Games with LLM Agents,"Yang, Qisen; Wang, Zekun; Chen, Honghui; Wang, Shenzhi; Pu, Yifan; Gao, Xin; Huang, Wenhao; Song, Shiji; Huang, Gao",2024,"62nd Annual Meeting of the Association for Computational Linguistics, ACL 2024, August 11, 2024  -  August 16, 2024",conference,10.18653/v1/2024.acl-long.779,https://doi.org/10.18653/v1/2024.acl-long.779,501-2805.ris,Selected from supplied candidate pool: explicit LLM/agent design and domain relevance,Rebuttal-stage reconstructed member,Exact/high-confidence match to supplied RIS export (score=100.0)
C008,"Knowledge Explorer: An Agentic AI Framework for Interactive, Personalized and Multilingual Learning Experience","Faisal, Wahid; Anik, Mahfuz Ahmed; Wasi, Azmine Toushik; Rafi, Taki Hasan; Sharma, Drishti; Chae, Dong-Kyu",2025,"28th ACM Conference on Computer-Supported Cooperative Work and Social Computing, CSCW 2025, October 18, 2025  -  October 22, 2025",conference,10.1145/3715070.3749282,https://doi.org/10.1145/3715070.3749282,501-2805.ris,Selected from supplied candidate pool: explicit LLM/agent design and domain relevance,Rebuttal-stage reconstructed member,Exact/high-confidence match to supplied RIS export (score=100.0)
C009,Generating Context-Aware Learning Materials for Software Security via LLM Agents and Traceability,"Schuring, Ben Luca; Herrmann, Marc; Specht, Alexander; Ehl, Marco; Elsofi, Duaa Adel Ali; Grocer, Katharina; Jurjens, Jan; Schneider, Kurt",2025,"33rd IEEE International Requirements Engineering Conference Workshops, REW 2025, September 1, 2025  -  September 5, 2025",conference,10.1109/REW66121.2025.00038,https://doi.org/10.1109/REW66121.2025.00038,501-2805.ris,Selected from supplied candidate pool: explicit LLM/agent design and domain relevance,Rebuttal-stage reconstructed member,Exact/high-confidence match to supplied RIS export (score=100.0)
C010,MultiTutor: Collaborative LLM Agents for Multimodal Student Support,"Sun, Edward; Tai, LeAnn",2025,"39th Annual AAAI Conference on Innovation and Responsibility in AI-Supported Education Workshop, iRAISE 2025, March 3, 2025",conference,,,1-500.ris,Selected from supplied candidate pool: explicit LLM/agent design and domain relevance,Rebuttal-stage reconstructed member,Exact/high-confidence match to supplied RIS export (score=100.0)
C011,Personalized Language Learning: A Multi-Agent System Leveraging LLMs for Teaching Luxembourgish,"Hedi, Tebourbi; Nouzri, Sana; Mualla, Yazan; Najjar, Amro",2025,"24th International Conference on Autonomous Agents and Multiagent Systems, AAMAS 2025, May 19, 2025  -  May 23, 2025",conference,,,501-2805.ris,Selected from supplied candidate pool: explicit LLM/agent design and domain relevance,Rebuttal-stage reconstructed member,Exact/high-confidence match to supplied RIS export (score=100.0)
C012,CollabPersona: A Framework for Collaborative Decision Analysis in Persona Driven LLM-Based Multi-Agent Systems,"Tamer, Onat Arda; Gumu, Abdurrahman",2025,"35th IEEE International Workshop on Machine Learning for Signal Processing, MLSP 2025, August 31, 2025  -  September 3, 2025",conference,10.1109/MLSP62443.2025.11204223,https://doi.org/10.1109/MLSP62443.2025.11204223,1-500.ris,Selected from supplied candidate pool: explicit LLM/agent design and domain relevance,Rebuttal-stage reconstructed member,Exact/high-confidence match to supplied RIS export (score=100.0)
C013,DentEval: Fine-tuning-Free Expert-Aligned Assessment in Dental Education via LLM Agents,"Deng, Xinyu; Miletic, Vesna; Trinh, Elvis; Gao, Jinlong; Xu, Chang; Liu, Daochang",2026,"28th International Conference on Medical Image Computing and Computer Assisted Intervention, MICCAI 2025, September 23, 2025  -  September 27, 2025",conference,10.1007/978-3-032-04971-1_14,https://doi.org/10.1007/978-3-032-04971-1_14,501-2805.ris,Selected from supplied candidate pool: explicit LLM/agent design and domain relevance,Rebuttal-stage reconstructed member,Exact/high-confidence match to supplied RIS export (score=100.0)
C014,Compound AI System for Personalized Learning: Integrating LLM Agents with Knowledge Graphs,"Antonov, Eduard",2024,"6th International Conference on Robotics, Intelligent Control and Artificial Intelligence, RICAI 2024, December 6, 2024  -  December 8, 2024",conference,10.1109/RICAI64321.2024.10911764,https://doi.org/10.1109/RICAI64321.2024.10911764,501-2805.ris,Selected from supplied candidate pool: explicit LLM/agent design and domain relevance,Rebuttal-stage reconstructed member,Exact/high-confidence match to supplied RIS export (score=100.0)
C015,Nemobot: Crafting Strategic Gaming LLM Agents for K-12 AI Education,"Wang, Yuchen; Guo, Shangxin; Ling, Lin; Tan, Chee Wei",2024,"11th ACM Conference on Learning @ Scale, L@S 2024, July 18, 2024  -  July 20, 2024",conference,10.1145/3657604.3664671,https://doi.org/10.1145/3657604.3664671,501-2805.ris,Selected from supplied candidate pool: explicit LLM/agent design and domain relevance,Rebuttal-stage reconstructed member,Exact/high-confidence match to supplied RIS export (score=100.0)
C016,"Open Models, Closed Minds? On Agents Capabilities in Mimicking Human Personalities through Open Large Language Models","La Cava, Lucio; Tagarelli, Andrea",2025,"39th Annual AAAI Conference on Artificial Intelligence, AAAI 2025, February 25, 2025  -  March 4, 2025",conference,10.1609/aaai.v39i2.32125,https://doi.org/10.1609/aaai.v39i2.32125,501-2805.ris,Selected from supplied candidate pool: explicit LLM/agent design and domain relevance,Rebuttal-stage reconstructed member,Exact/high-confidence match to supplied RIS export (score=100.0)
C017,Single-agent vs. Multi-agent LLM Strategies for Automated Student Reflection Assessment,"Li, Gen; Chen, Li; Tang, Cheng; vabensky, Valdemar; Deguchi, Daisuke; Yamashita, Takayoshi; Shimada, Atsushi",2025,"29th Pacific-Asia Conference on Knowledge Discovery and Data Mining, PAKDD 2025, June 10, 2025  -  June 13, 2025",conference,10.1007/978-981-96-8186-0_24,https://doi.org/10.1007/978-981-96-8186-0_24,501-2805.ris,Selected from supplied candidate pool: explicit LLM/agent design and domain relevance,Rebuttal-stage reconstructed member,Exact/high-confidence match to supplied RIS export (score=100.0)
C018,Optimizing Educational Program Admissions: LLM Multi-Agent Approach,"Sanatizadeh, Aida; Tafti, Ali",2025,"2025 Americas Conference on Information Systems, AMCIS 2025, August 14, 2025  -  August 16, 2025",conference,,,1-500.ris,Selected from supplied candidate pool: explicit LLM/agent design and domain relevance,Rebuttal-stage reconstructed member,Exact/high-confidence match to supplied RIS export (score=100.0)
C019,Exploring Communication Strategies for Collaborative LLM Agents in Mathematical Problem-Solving,"Zhang, Liang; Zhai, Xiaoming; Lin, Jionghao; Kleiman, Jennifer; Zapata-Rivera, Diego; Forsyth, Carol; Jiang, Yang; Hu, Xiangen; Graesser, Arthur C.",2025,"Poster papers and late breaking results, workshops and tutorials, practitioners, industry and policy track, doctoral consortium, blue sky and wideAIED papers presented at the 26th International Conference on Artificial Intelligence in Education, AIED 2025, July 22, 2025  -  July 26, 2025",conference,10.1007/978-3-031-99264-3_32,https://doi.org/10.1007/978-3-031-99264-3_32,1-500.ris,Selected from supplied candidate pool: explicit LLM/agent design and domain relevance,Rebuttal-stage reconstructed member,Exact/high-confidence match to supplied RIS export (score=100.0)
C020,Harnessing Multi-Agent LLMs for Complex Engineering Problem-Solving: A Framework for Senior Design Projects,"Mushtaq, Abdullah; Naeem, Rafay; Ghaznavi, Ibrahim; Taj, Imran; Hashmi, Imran; Qadir, Junaid",2025,"16th IEEE Global Engineering Education Conference, EDUCON 2025, April 22, 2025  -  April 25, 2025",conference,10.1109/EDUCON62633.2025.11016653,https://doi.org/10.1109/EDUCON62633.2025.11016653,1-500.ris,Selected from supplied candidate pool: explicit LLM/agent design and domain relevance,Rebuttal-stage reconstructed member,Exact/high-confidence match to supplied RIS export (score=100.0)
C021,OSC: Cognitive Orchestration through Dynamic Knowledge Alignment in Multi-Agent LLM Collaboration,"Zhang, Jusheng; Fan, Yijia; Cai, Kaitong; Tang, Jinzhou; Sun, Xiaofei; Wang, Keze",2025,"30th Conference on Empirical Methods in Natural Language Processing, EMNLP 2025, November 4, 2025  -  November 9, 2025",conference,10.18653/v1/2025.findings-emnlp.335,https://doi.org/10.18653/v1/2025.findings-emnlp.335,1-500.ris,Selected from supplied candidate pool: explicit LLM/agent design and domain relevance,Rebuttal-stage reconstructed member,Exact/high-confidence match to supplied RIS export (score=100.0)
C022,Personality-Aware Multiagent Large Language Models for Strategic Interactions in Polymatrix Games,"Hadfi, Rafik; Huang, Yin Jou",2025,"13th International Conference on Human-Agent Interaction, HAI 2025, November 10, 2025  -  November 13, 2025",conference,10.1145/3765766.3765856,https://doi.org/10.1145/3765766.3765856,1-500.ris,Selected from supplied candidate pool: explicit LLM/agent design and domain relevance,Rebuttal-stage reconstructed member,Exact/high-confidence match to supplied RIS export (score=100.0)
C023,Generative Agents for Realistic Mobile Computing and User Behaviour Case,"Akor, George Chidera; Ahakonye, Love Allen Chijioke; Lee, Jae-Min; Kim, Dong-Seong",2025,"4th International Conference on Mobile, Military, Maritime IT Convergence: Promoting Ultimate Convergence of Wireless, Military and Maritime Communications in the 6G Era, ICMIC 2025, August 27, 2025  -  August 30, 2025",conference,10.1109/ICMIC66299.2025.11257744,https://doi.org/10.1109/ICMIC66299.2025.11257744,1-500.ris,Selected from supplied candidate pool: explicit LLM/agent design and domain relevance,Rebuttal-stage reconstructed member,Exact/high-confidence match to supplied RIS export (score=100.0)
C024,"Enhancing Generative Agents in Social Simulations: Bridging Memory, Emotion, and Governance for Realistic Social Simulations","Wu, Chao; Li, Gang",2025,"11th Intelligent Systems Conference, IntelliSys 2025, August 28, 2025  -  August 29, 2025",conference,10.1007/978-3-031-99958-1_4,https://doi.org/10.1007/978-3-031-99958-1_4,1-500.ris,Selected from supplied candidate pool: explicit LLM/agent design and domain relevance,Rebuttal-stage reconstructed member,Exact/high-confidence match to supplied RIS export (score=100.0)
C025,ChatFive: Enhancing User Experience in Likert Scale Personality Test through Interactive Conversation with LLM Agents,"Lee, Jungjae; Choi, Yubin; Song, Minhyuk; Park, Sanghyun",2024,"6th Conference on ACM Conversational User Interfaces, CUI 2024, July 8, 2024  -  July 10, 2024",conference,10.1145/3640794.3665572,https://doi.org/10.1145/3640794.3665572,501-2805.ris,Selected from supplied candidate pool: explicit LLM/agent design and domain relevance,Rebuttal-stage reconstructed member,Exact/high-confidence match to supplied RIS export (score=100.0)
C026,MockLLM: A Multi-Agent Behavior Collaboration Framework for Online Job Seeking and Recruiting,"Sun, Hongda; Lin, Hongzhan; Yan, Haiyu; Song, Yang; Gao, Xin; Yan, Rui",2025,"31st ACM SIGKDD Conference on Knowledge Discovery and Data Mining, KDD 2025, August 3, 2025  -  August 7, 2025",conference,10.1145/3711896.3737051,https://doi.org/10.1145/3711896.3737051,501-2805.ris,Selected from supplied candidate pool: explicit LLM/agent design and domain relevance,Rebuttal-stage reconstructed member,Exact/high-confidence match to supplied RIS export (score=100.0)
C027,LLM-powered Multi-agent Framework for Goal-oriented Learning in Intelligent Tutoring System,"Wang, Tianfu; Zhan, Yi; Lian, Jianxun; Hu, Zhengyu; Yuan, Nicholas Jing; Zhang, Qi; Xie, Xing; Xiong, Hui",2025,"34th ACM Web Conference, WWW Companion 2025, April 28, 2025  -  May 2, 2025",conference,10.1145/3701716.3715244,https://doi.org/10.1145/3701716.3715244,501-2805.ris,Selected from supplied candidate pool: explicit LLM/agent design and domain relevance,Rebuttal-stage reconstructed member,Exact/high-confidence match to supplied RIS export (score=100.0)
C028,Surveying with AI: Simulating Human Responses Using Personalized LLM Agents and Social Media Data,"Liang, Shuxi; Ren, Haolin; Zhang, Tianze; Liu, Xiaofan; Yin, Zhimeng; Hu, Daning",2025,"2025 IEEE International Conference on Systems, Man, and Cybernetics, SMC 2025, October 5, 2025  -  October 8, 2025",conference,10.1109/SMC58881.2025.11343347,https://doi.org/10.1109/SMC58881.2025.11343347,501-2805.ris,Selected from supplied candidate pool: explicit LLM/agent design and domain relevance,Rebuttal-stage reconstructed member,Exact/high-confidence match to supplied RIS export (score=100.0)
C029,MindScope: Exploring Cognitive Biases in Large Language Models Through Multi-Agent Systems,"Xie, Zhentao; Zhao, Jiabao; Wang, Yilei; Shi, Jinxin; Bai, Yanhong; Wu, Xingjiao; He, Liang",2024,"27th European Conference on Artificial Intelligence, ECAI 2024, October 19, 2024  -  October 24, 2024",conference,10.3233/FAIA240879,https://doi.org/10.3233/FAIA240879,501-2805.ris,Selected from supplied candidate pool: explicit LLM/agent design and domain relevance,Rebuttal-stage reconstructed member,Exact/high-confidence match to supplied RIS export (score=100.0)
C030,EduMAS: A Novel LLM-Powered Multi-Agent Framework for Educational Support,"Li, Qiaomu; Xie, Ying; Chakravarty, Sumit; Lee, Dabae",2024,"2024 IEEE International Conference on Big Data, BigData 2024, December 15, 2024  -  December 18, 2024",conference,10.1109/BigData62323.2024.10826103,https://doi.org/10.1109/BigData62323.2024.10826103,501-2805.ris,Selected from supplied candidate pool: explicit LLM/agent design and domain relevance,Rebuttal-stage reconstructed member,Exact/high-confidence match to supplied RIS export (score=100.0)
C031,Simulating Cooperative Prosocial Behavior with Multi-Agent LLMs: Evidence and Mechanisms for AI Agents to Inform Policy Decisions,"Sreedhar, Karthik; Cai, Alice; Ma, Jenny; Nickerson, Jeffrey V; Chilton, Lydia B.",2025,"30th International Conference on Intelligent User Interfaces, IUI 2025, March 24, 2025  -  March 27, 2025",conference,10.1145/3708359.3712149,https://doi.org/10.1145/3708359.3712149,501-2805.ris,Selected from supplied candidate pool: explicit LLM/agent design and domain relevance,Rebuttal-stage reconstructed member,Exact/high-confidence match to supplied RIS export (score=100.0)
C032,Evaluation of an LLM-Powered Student Agent for Teacher Training,"Bhowmik, Saptarshi; West, Luke; Barrett, Alex; Zhang, Nuodi; Dai, Chih-Pu; Sokolikj, Zlatko; Southerland, Sherry; Yuan, Xin; Ke, Fengfeng",2024,"19th European Conference on Technology Enhanced Learning, EC-TEL 2024, September 16, 2024  -  September 20, 2024",conference,10.1007/978-3-031-72312-4_7,https://doi.org/10.1007/978-3-031-72312-4_7,501-2805.ris,Selected from supplied candidate pool: explicit LLM/agent design and domain relevance,Rebuttal-stage reconstructed member,Exact/high-confidence match to supplied RIS export (score=100.0)
C033,Modeling Cross-Disciplinary Communication in Smart Education via Generative Agent,"Yang, Wen-Xi; Zhao, Tian-Fang",2025,"12th International Conference on Machine Intelligence Theory and Applications, MiTA 2025, May 20, 2025  -  May 23, 2025",conference,10.1109/MiTA66017.2025.11100261,https://doi.org/10.1109/MiTA66017.2025.11100261,501-2805.ris,Selected from supplied candidate pool: explicit LLM/agent design and domain relevance,Rebuttal-stage reconstructed member,Exact/high-confidence match to supplied RIS export (score=100.0)
C034,An LLM-Enhanced Multi-agent Architecture for Conversation-Based Assessment,"Hou, Xinying; Forsyth, Carol; Andrews-Todd, Jessica; Rice, James; Cai, Zhiqiang; Jiang, Yang; Zapata-Rivera, Diego; Graesser, Art",2025,"26th International Conference on Artificial Intelligence in Education, AIED 2025, July 22, 2025  -  July 26, 2025",conference,10.1007/978-3-031-98417-4_9,https://doi.org/10.1007/978-3-031-98417-4_9,1-500.ris,Selected from supplied candidate pool: explicit LLM/agent design and domain relevance,Rebuttal-stage reconstructed member,Exact/high-confidence match to supplied RIS export (score=100.0)
C035,Exploring LLM Agents as Interactive Mind Map Creators Tailored for Students with ADHD,"Tang, Kaiyuan; Chen, Kerui; Jiang, Zhou; Quinlan, Mark; Cho, Youngjun",2025,"38th Annual ACM Symposium on User Interface Software and Technology, UIST 2025, September 28, 2025  -  October 1, 2025",conference,10.1145/3746058.3759012,https://doi.org/10.1145/3746058.3759012,501-2805.ris,Selected from supplied candidate pool: explicit LLM/agent design and domain relevance,Rebuttal-stage reconstructed member,Exact/high-confidence match to supplied RIS export (score=100.0)
C036,GenSim: A General Social Simulation Platform with Large Language Model based Agents,"Tang, Jiakai; Gao, Heyang; Pan, Xuchen; Wang, Lei; Tan, Haoran; Gao, Dawei; Chen, Yushuo; Chen, Xu; Lin, Yankai; Li, Yaliang; Ding, Bolin; Zhou, Jingren; Wang, Jun; Wen, Ji-Rong",2025,"2025 Annual Conference of the Nations of the Americas Chapter of the Association for Computational Linguistics: Human Language Technologies, NAACL-HLT 2025, April 29, 2025  -  May 4, 2025",conference,10.18653/v1/2025.naacl-demo.15,https://doi.org/10.18653/v1/2025.naacl-demo.15,501-2805.ris,Selected from supplied candidate pool: explicit LLM/agent design and domain relevance,Rebuttal-stage reconstructed member,Exact/high-confidence match to supplied RIS export (score=100.0)
C037,Simulating Social Network with LLM Agents: An Analysis of Information Propagation and Echo Chambers,"Zheng, Wenzhen; Tang, Xijin",2025,"23rd International Symposium on Knowledge and Systems Sciences, KSS 2024, November 16, 2024  -  November 17, 2024",conference,10.1007/978-981-96-0178-3_5,https://doi.org/10.1007/978-981-96-0178-3_5,501-2805.ris,Selected from supplied candidate pool: explicit LLM/agent design and domain relevance,Rebuttal-stage reconstructed member,Exact/high-confidence match to supplied RIS export (score=100.0)
C038,Integrating Local LLMs and Multi-Agent Intelligence for Personalized Eldercare,"Sruthi Sai Prabha, K.S.; Sandhiya, S.; Sajithra, S.",2025,"11th International Conference on Smart Computing and Communications, ICSCC 2025, July 3, 2025  -  July 5, 2025",conference,10.1109/ICSCC66177.2025.11233724,https://doi.org/10.1109/ICSCC66177.2025.11233724,501-2805.ris,Selected from supplied candidate pool: explicit LLM/agent design and domain relevance,Rebuttal-stage reconstructed member,Exact/high-confidence match to supplied RIS export (score=100.0)
C039,Trustworthy AI Psychotherapy: Multi-Agent LLM Workflow for Counseling and Explainable Mental Disorder Diagnosis,"Ozgun, Mithat Can; J., Pei; K., Hindriks; L., Donatelli; Q., Liu; J., Wang",2025,"34th ACM International Conference on Information and Knowledge Management, CIKM 2025, November 10, 2025  -  November 14, 2025",conference,10.1145/3746252.3761164,https://doi.org/10.1145/3746252.3761164,501-2805.ris,Selected from supplied candidate pool: explicit LLM/agent design and domain relevance,Rebuttal-stage reconstructed member,Exact/high-confidence match to supplied RIS export (score=100.0)
C040,Simulating Strategic Reasoning: Comparing the Ability of Single LLMs and Multi-Agent Systems to Replicate Human Behavior,"Sreedhar, Karthik; Chilton, Lydia",2025,"58th Hawaii International Conference on System Sciences, HICSS 2025, January 7, 2025  -  January 10, 2025",conference,10.24251/hicss.2025.100,https://doi.org/10.24251/hicss.2025.100,501-2805.ris,Selected from supplied candidate pool: explicit LLM/agent design and domain relevance,Rebuttal-stage reconstructed member,Exact/high-confidence match to supplied RIS export (score=100.0)
C041,Evaluating the Predictability of Disaster Evacuation Behavior using LLM Agent Simulations,"Lee, Donghak; Weng, Jiayi; Raipat, Vaidehi; Yabe, Takahiro",2025,"1st ACM SIGSPATIAL International Workshop on Urban Mobility Foundation Models, UMFM 2025, November 3, 2025  -  November 6, 2025",conference,10.1145/3764925.3770907,https://doi.org/10.1145/3764925.3770907,501-2805.ris,Selected from supplied candidate pool: explicit LLM/agent design and domain relevance,Rebuttal-stage reconstructed member,Exact/high-confidence match to supplied RIS export (score=100.0)
C042,Evaluating Theory of Mind and Internal Beliefs in LLM-Based Multi-agent Systems,"Kostka, Adam; Chudziak, Jaroslaw A.",2026,"17th International Conference on Computational Collective Intelligence, ICCCI 2025, November 12, 2025  -  November 15, 2025",conference,10.1007/978-3-032-09318-9_2,https://doi.org/10.1007/978-3-032-09318-9_2,501-2805.ris,Selected from supplied candidate pool: explicit LLM/agent design and domain relevance,Rebuttal-stage reconstructed member,Exact/high-confidence match to supplied RIS export (score=100.0)
C043,ExpertEase: A Multi-Agent Framework for Grade-Specific Document Simplification with Large Language Models,"Mo, Kaijie; Hu, Renfen",2024,"2024 Findings of the Association for Computational Linguistics, EMNLP 2024, November 12, 2024  -  November 16, 2024",conference,10.18653/v1/2024.findings-emnlp.530,https://doi.org/10.18653/v1/2024.findings-emnlp.530,1-500.ris,Selected from supplied candidate pool: explicit LLM/agent design and domain relevance,Rebuttal-stage reconstructed member,Exact/high-confidence match to supplied RIS export (score=100.0)
C044,EvaAI: A Multi-agent Framework Leveraging Large Language Models for Enhanced Automated Grading,"Lagakis, Paraskevas; Demetriadis, Stavros",2024,"20th International Conference on Generative Intelligence and Intelligent Tutoring Systems, ITS 2024, June 10, 2024  -  June 13, 2024",conference,10.1007/978-3-031-63028-6_32,https://doi.org/10.1007/978-3-031-63028-6_32,501-2805.ris,Selected from supplied candidate pool: explicit LLM/agent design and domain relevance,Rebuttal-stage reconstructed member,Exact/high-confidence match to supplied RIS export (score=100.0)
C045,Simulating Oxford-Style Debates with LLM-Based Multi-Agent Systems,"Harbar, Yarolsav; Chudziak, Jaroslaw A.",2025,"17th Asian Conference on Intelligent Information and Database Systems, ACIIDS 2025, April 23, 2025  -  April 25, 2025",conference,10.1007/978-981-96-6008-7_21,https://doi.org/10.1007/978-981-96-6008-7_21,501-2805.ris,Selected from supplied candidate pool: explicit LLM/agent design and domain relevance,Rebuttal-stage reconstructed member,Exact/high-confidence match to supplied RIS export (score=100.0)
C046,Generating AI Literacy MCQs: A Multi-Agent LLM Approach,"Wang, Jiayi; Xiao, Ruiwei; Tseng, Ying-Jui",2025,"56th Annual SIGCSE Technical Symposium on Computer Science Education, SIGCSE TS 2025, February 26, 2025  -  March 1, 2025",conference,10.1145/3641555.3705189,https://doi.org/10.1145/3641555.3705189,501-2805.ris,Selected from supplied candidate pool: explicit LLM/agent design and domain relevance,Rebuttal-stage reconstructed member,Exact/high-confidence match to supplied RIS export (score=100.0)
C047,Deciphering Digital Detectives: Understanding LLM Behaviors and Capabilities in Multi-Agent Mystery Games,"Wu, Dekun; Shi, Haochen; Sun, Zhiyuan; Liu, Bang",2024,"Findings of the 62nd Annual Meeting of the Association for Computational Linguistics, ACL 2024, August 11, 2024  -  August 16, 2024",conference,10.18653/v1/2024.findings-acl.490,https://doi.org/10.18653/v1/2024.findings-acl.490,1-500.ris,Selected from supplied candidate pool: explicit LLM/agent design and domain relevance,Rebuttal-stage reconstructed member,Exact/high-confidence match to supplied RIS export (score=100.0)
C048,Can Large Language Model Agents Simulate Human Trust Behavior?,"Xie, Chengxing; Chen, Canyu; Jia, Feiran; Ye, Ziyu; Lai, Shiyang; Shu, Kai; Gu, Jindong; Bibi, Adel; Hu, Ziniu; Jurgens, David; Evans, James; Torr, Philip H.S.; Ghanem, Bernard; Li, Guohao",2024,"38th Conference on Neural Information Processing Systems, NeurIPS 2024, December 9, 2024  -  December 15, 2024",conference,,,1-500.ris,Selected from supplied candidate pool: explicit LLM/agent design and domain relevance,Rebuttal-stage reconstructed member,Exact/high-confidence match to supplied RIS export (score=100.0)
